<?xml version="1.0" encoding="UTF-8"?>
<feature
      id="org.seasar.kijimuna"
      label="%plugin.brand"
      version="1.1.3"
      provider-name="%author"
      image="banner.gif">

   <description>
      Kijimuna is an eclipse plugin for Seasar2.
   </description>

   <copyright>
      Copyright 2004-2007 the Seasar Foundation and the Others.
   </copyright>

   <license url="http://www.apache.org/licenses/LICENSE-2.0">
      Copyright 2004-2007 the Seasar Foundation and the Others.

Licensed under the Apache License, Version 2.0 (the &quot;License&quot;);
you may not use this file except in compliance with the License.
You may obtain a copy of the License at

     http://www.apache.org/licenses/LICENSE-2.0

Unless required by applicable law or agreed to in writing, software
distributed under the License is distributed on an &quot;AS IS&quot; BASIS,
WITHOUT WARRANTIES OR CONDITIONS OF ANY KIND, 
either express or implied. See the License for the specific language
governing permissions and limitations under the License.
   </license>

   <requires>
      <import plugin="org.eclipse.core.runtime"/>
      <import plugin="org.eclipse.core.resources"/>
      <import plugin="org.eclipse.jdt.core"/>
      <import plugin="org.eclipse.jdt.launching"/>
      <import plugin="org.junit"/>
      <import plugin="org.eclipse.ltk.core.refactoring"/>
      <import plugin="org.eclipse.jface.text"/>
      <import plugin="org.eclipse.ui"/>
      <import plugin="org.eclipse.ui.ide"/>
      <import plugin="org.eclipse.ui.editors"/>
      <import plugin="org.eclipse.ui.workbench.texteditor"/>
      <import plugin="org.eclipse.ui.views"/>
      <import plugin="org.eclipse.jdt.ui"/>
   </requires>

   <plugin
         id="org.seasar.kijimuna.core"
         download-size="0"
         install-size="0"
         version="1.1.3"/>

   <plugin
         id="org.seasar.kijimuna.ui"
         download-size="0"
         install-size="0"
         version="1.1.3"/>

</feature>
